{
  "dataset_source": "synthetic:generated",
  "selected_model_name": "logistic_regression",
  "selection_metric": "validation_average_precision",
  "selected_threshold": 0.6762725380991143,
  "sample_count": 1500,
  "train_count": 900,
  "validation_count": 300,
  "test_count": 300,
  "train_metrics": {
    "accuracy": 0.8277777777777777,
    "precision": 0.4010152284263959,
    "recall": 0.6810344827586207,
    "f1": 0.5047923322683706,
    "average_precision": 0.5463046300042786,
    "confusion_matrix": [
      [
        666,
        118
      ],
      [
        37,
        79
      ]
    ]
  },
  "validation_metrics": {
    "accuracy": 0.8766666666666667,
    "precision": 0.5079365079365079,
    "recall": 0.8421052631578947,
    "f1": 0.6336633663366337,
    "average_precision": 0.7172523789376343,
    "confusion_matrix": [
      [
        231,
        31
      ],
      [
        6,
        32
      ]
    ]
  },
  "test_metrics": {
    "accuracy": 0.83,
    "precision": 0.39344262295081966,
    "recall": 0.631578947368421,
    "f1": 0.48484848484848486,
    "average_precision": 0.4146553927805579,
    "confusion_matrix": [
      [
        225,
        37
      ],
      [
        14,
        24
      ]
    ]
  },
  "overfit_flag": false,
  "underfit_flag": false,
  "created_at": "2026-04-26T15:59:36+00:00",
  "candidates": [
    {
      "model_name": "logistic_regression",
      "selected_threshold": 0.6762725380991143,
      "threshold_f1": 0.6336633663366337,
      "train_metrics": {
        "accuracy": 0.8277777777777777,
        "precision": 0.4010152284263959,
        "recall": 0.6810344827586207,
        "f1": 0.5047923322683706,
        "average_precision": 0.5463046300042786,
        "confusion_matrix": [
          [
            666,
            118
          ],
          [
            37,
            79
          ]
        ]
      },
      "validation_metrics": {
        "accuracy": 0.8766666666666667,
        "precision": 0.5079365079365079,
        "recall": 0.8421052631578947,
        "f1": 0.6336633663366337,
        "average_precision": 0.7172523789376343,
        "confusion_matrix": [
          [
            231,
            31
          ],
          [
            6,
            32
          ]
        ]
      },
      "fit_gap": -0.12887103406826306,
      "overfit_flag": false,
      "underfit_flag": false
    },
    {
      "model_name": "random_forest",
      "selected_threshold": 0.4583333333333333,
      "threshold_f1": 0.619718309859155,
      "train_metrics": {
        "accuracy": 0.9988888888888889,
        "precision": 0.9914529914529915,
        "recall": 1.0,
        "f1": 0.9957081545064378,
        "average_precision": 0.9999999999999998,
        "confusion_matrix": [
          [
            783,
            1
          ],
          [
            0,
            116
          ]
        ]
      },
      "validation_metrics": {
        "accuracy": 0.91,
        "precision": 0.6666666666666666,
        "recall": 0.5789473684210527,
        "f1": 0.6197183098591549,
        "average_precision": 0.6800418420386639,
        "confusion_matrix": [
          [
            251,
            11
          ],
          [
            16,
            22
          ]
        ]
      },
      "fit_gap": 0.3759898446472829,
      "overfit_flag": true,
      "underfit_flag": false
    },
    {
      "model_name": "extra_trees",
      "selected_threshold": 0.17592175593127862,
      "threshold_f1": 0.5510204081632654,
      "train_metrics": {
        "accuracy": 1.0,
        "precision": 1.0,
        "recall": 1.0,
        "f1": 1.0,
        "average_precision": 1.0,
        "confusion_matrix": [
          [
            784,
            0
          ],
          [
            0,
            116
          ]
        ]
      },
      "validation_metrics": {
        "accuracy": 0.8533333333333334,
        "precision": 0.45,
        "recall": 0.7105263157894737,
        "f1": 0.5510204081632653,
        "average_precision": 0.5588392644260949,
        "confusion_matrix": [
          [
            229,
            33
          ],
          [
            11,
            27
          ]
        ]
      },
      "fit_gap": 0.44897959183673475,
      "overfit_flag": true,
      "underfit_flag": false
    }
  ]
}